Review_ID,Customer_ID,Review_Text,Rating,Date
1,CUST101,"App features are just fine, nothing fancy.",3,2024-11-02
2,CUST102,Bad response time from helpline.,2,2024-09-28
3,CUST103,Poor response to complaints and queries.,1,2025-03-08
4,CUST104,Nothing special but does the job.,3,2024-11-03
5,CUST105,Interest rates are higher compared to competitors.,2,2025-01-30
6,CUST106,Great offers on credit cards and savings accounts.,4,2024-07-04
7,CUST107,Friendly customer service and quick responses.,4,2025-04-03
8,CUST108,Service was neither good nor bad.,3,2025-01-07
9,CUST109,Bad response time from helpline.,2,2024-05-13
10,CUST110,"Neutral experience, nothing extraordinary.",3,2024-06-01
11,CUST111,Website downtime caused major inconvenience.,1,2024-08-30
12,CUST112,Banking experience was average.,3,2024-09-29
13,CUST113,High hidden charges and slow service.,2,2025-04-02
14,CUST114,"Neutral experience, nothing extraordinary.",3,2025-01-21
15,CUST115,Website sometimes works slowly but manageable.,3,2024-09-10
16,CUST116,Website downtime caused major inconvenience.,1,2025-01-06
17,CUST117,Nothing special but does the job.,3,2025-04-08
18,CUST118,Branches are available but crowded sometimes.,3,2025-02-06
19,CUST119,ATM network is wide and accessible.,4,2025-02-17
20,CUST120,Friendly customer service and quick responses.,4,2024-11-03
21,CUST121,Service was neither good nor bad.,3,2024-09-03
22,CUST122,Website sometimes works slowly but manageable.,3,2024-10-14
23,CUST123,ATM often out of service.,1,2024-06-17
24,CUST124,Website downtime caused major inconvenience.,1,2024-08-13
25,CUST125,Excellent service and easy online transactions.,4,2024-08-11
26,CUST126,ATM often out of service.,2,2024-12-25
27,CUST127,Excellent service and easy online transactions.,5,2025-02-12
28,CUST128,Interest rates are higher compared to competitors.,2,2024-10-22
29,CUST129,Mobile app is very user-friendly and efficient.,5,2024-12-08
30,CUST130,Support was acceptable but not impressive.,3,2025-04-15
31,CUST131,Mobile app crashes frequently.,1,2025-01-10
32,CUST132,Great offers on credit cards and savings accounts.,5,2024-12-12
33,CUST133,Website sometimes works slowly but manageable.,3,2025-04-09
34,CUST134,Secure and reliable banking experience.,4,2024-07-28
35,CUST135,Great offers on credit cards and savings accounts.,5,2025-02-11
36,CUST136,Branches are available but crowded sometimes.,3,2025-03-03
37,CUST137,High hidden charges and slow service.,1,2024-07-16
38,CUST138,"Neutral experience, nothing extraordinary.",3,2025-02-14
39,CUST139,Secure and reliable banking experience.,5,2024-06-10
40,CUST140,Bad response time from helpline.,2,2025-02-22
41,CUST141,Website downtime caused major inconvenience.,2,2025-04-08
42,CUST142,Very smooth experience with customer care.,5,2025-03-28
43,CUST143,Friendly customer service and quick responses.,4,2024-08-03
44,CUST144,Mobile app crashes frequently.,2,2024-05-18
45,CUST145,Interest rates are higher compared to competitors.,1,2024-07-21
46,CUST146,Website sometimes works slowly but manageable.,3,2024-09-01
47,CUST147,Overall neutral experience with minor issues.,3,2024-07-31
48,CUST148,Interest rates are higher compared to competitors.,1,2024-11-09
49,CUST149,Overall neutral experience with minor issues.,3,2024-05-25
50,CUST150,Faced issues with online transactions.,1,2024-11-03
51,CUST151,Nothing special but does the job.,3,2024-12-05
52,CUST152,Mobile app is very user-friendly and efficient.,5,2025-02-08
53,CUST153,"Neutral experience, nothing extraordinary.",3,2024-05-03
54,CUST154,Website sometimes works slowly but manageable.,3,2024-09-05
55,CUST155,Website downtime caused major inconvenience.,2,2024-05-06
56,CUST156,No hidden charges and transparent communication.,4,2025-01-31
57,CUST157,Excellent service and easy online transactions.,5,2024-08-13
58,CUST158,Secure and reliable banking experience.,4,2024-10-03
59,CUST159,Nothing special but does the job.,3,2024-05-26
60,CUST160,Overall neutral experience with minor issues.,3,2024-10-04
61,CUST161,Overall neutral experience with minor issues.,3,2024-08-19
62,CUST162,Support was acceptable but not impressive.,3,2025-02-01
63,CUST163,It’s okay for basic banking needs.,3,2024-06-17
64,CUST164,Banking experience was average.,3,2025-02-19
65,CUST165,Friendly customer service and quick responses.,5,2024-12-01
66,CUST166,ATM network is wide and accessible.,4,2025-03-13
67,CUST167,Unhelpful customer service representatives.,1,2024-11-23
68,CUST168,ATM often out of service.,1,2025-04-19
69,CUST169,Bad response time from helpline.,2,2024-08-19
70,CUST170,ATM network is wide and accessible.,4,2024-05-21
71,CUST171,It’s okay for basic banking needs.,3,2024-07-11
72,CUST172,Great offers on credit cards and savings accounts.,4,2024-04-26
73,CUST173,Great offers on credit cards and savings accounts.,5,2024-07-24
74,CUST174,ATM network is wide and accessible.,4,2025-01-12
75,CUST175,Secure and reliable banking experience.,4,2024-09-21
76,CUST176,"App features are just fine, nothing fancy.",3,2025-04-01
77,CUST177,Branches are available but crowded sometimes.,3,2024-06-17
78,CUST178,Faced issues with online transactions.,2,2025-01-10
79,CUST179,Mobile app crashes frequently.,1,2025-03-11
80,CUST180,Mobile app crashes frequently.,2,2024-10-27
81,CUST181,Mobile app is very user-friendly and efficient.,4,2025-04-19
82,CUST182,Service was neither good nor bad.,3,2025-04-11
83,CUST183,ATM often out of service.,2,2024-07-31
84,CUST184,Loan process took too long with no updates.,1,2024-08-05
85,CUST185,"Neutral experience, nothing extraordinary.",3,2024-07-06
86,CUST186,High hidden charges and slow service.,2,2024-11-20
87,CUST187,Interest rates are higher compared to competitors.,1,2024-09-30
88,CUST188,Faced issues with online transactions.,2,2025-04-13
89,CUST189,Banking experience was average.,3,2025-04-20
90,CUST190,Support was acceptable but not impressive.,3,2024-12-21
91,CUST191,Very smooth experience with customer care.,4,2024-10-04
92,CUST192,ATM often out of service.,2,2025-03-02
93,CUST193,Mobile app is very user-friendly and efficient.,5,2024-06-12
94,CUST194,No hidden charges and transparent communication.,5,2025-04-18
95,CUST195,Very smooth experience with customer care.,4,2024-11-17
96,CUST196,Unhelpful customer service representatives.,2,2024-04-25
97,CUST197,Friendly customer service and quick responses.,4,2025-02-21
98,CUST198,It’s okay for basic banking needs.,3,2024-08-16
99,CUST199,No hidden charges and transparent communication.,4,2025-01-22
100,CUST200,Website downtime caused major inconvenience.,1,2025-01-03
101,CUST201,High hidden charges and slow service.,2,2024-04-29
102,CUST202,Friendly customer service and quick responses.,4,2025-03-27
103,CUST203,Secure and reliable banking experience.,4,2025-04-18
104,CUST204,Nothing special but does the job.,3,2024-07-10
105,CUST205,Bad response time from helpline.,1,2024-10-16
106,CUST206,Loans were processed faster than expected.,5,2025-04-17
107,CUST207,Website sometimes works slowly but manageable.,3,2025-01-18
108,CUST208,No hidden charges and transparent communication.,5,2025-02-24
109,CUST209,Website downtime caused major inconvenience.,1,2024-07-09
110,CUST210,Great offers on credit cards and savings accounts.,4,2024-08-31
111,CUST211,ATM network is wide and accessible.,5,2025-02-13
112,CUST212,Overall neutral experience with minor issues.,3,2025-03-11
113,CUST213,Highly satisfied with the banking experience.,5,2025-03-27
114,CUST214,Nothing special but does the job.,3,2024-05-06
115,CUST215,Branches are available but crowded sometimes.,3,2025-01-31
116,CUST216,Website sometimes works slowly but manageable.,3,2025-02-18
117,CUST217,"App features are just fine, nothing fancy.",3,2025-02-27
118,CUST218,Friendly customer service and quick responses.,5,2024-12-12
119,CUST219,Website sometimes works slowly but manageable.,3,2024-11-12
120,CUST220,Highly satisfied with the banking experience.,5,2024-11-18
121,CUST221,Service was neither good nor bad.,3,2025-03-29
122,CUST222,Highly satisfied with the banking experience.,5,2024-05-19
123,CUST223,Website downtime caused major inconvenience.,1,2024-06-09
124,CUST224,ATM often out of service.,2,2025-02-04
125,CUST225,Loan process took too long with no updates.,2,2024-06-09
126,CUST226,It’s okay for basic banking needs.,3,2024-11-23
127,CUST227,Overall neutral experience with minor issues.,3,2024-05-17
128,CUST228,Mobile app crashes frequently.,2,2024-10-30
129,CUST229,Mobile app is very user-friendly and efficient.,4,2024-11-03
130,CUST230,Friendly customer service and quick responses.,4,2024-08-08
131,CUST231,Mobile app is very user-friendly and efficient.,4,2025-04-12
132,CUST232,Interest rates are higher compared to competitors.,1,2024-10-30
133,CUST233,Loan process took too long with no updates.,2,2024-06-21
134,CUST234,Faced issues with online transactions.,1,2025-03-29
135,CUST235,Faced issues with online transactions.,2,2024-09-04
136,CUST236,Mobile app is very user-friendly and efficient.,5,2024-11-20
137,CUST237,Excellent service and easy online transactions.,5,2024-09-17
138,CUST238,Banking experience was average.,3,2024-10-27
139,CUST239,Mobile app is very user-friendly and efficient.,4,2025-02-13
140,CUST240,Excellent service and easy online transactions.,4,2025-01-20
141,CUST241,Support was acceptable but not impressive.,3,2024-11-28
142,CUST242,Branches are available but crowded sometimes.,3,2024-06-13
143,CUST243,Great offers on credit cards and savings accounts.,4,2024-10-08
144,CUST244,ATM often out of service.,2,2024-06-11
145,CUST245,Overall neutral experience with minor issues.,3,2024-09-24
146,CUST246,Service was neither good nor bad.,3,2025-02-21
147,CUST247,Poor response to complaints and queries.,2,2024-08-22
148,CUST248,Friendly customer service and quick responses.,4,2024-07-01
149,CUST249,It’s okay for basic banking needs.,3,2024-11-16
150,CUST250,Friendly customer service and quick responses.,4,2024-11-15
151,CUST251,Secure and reliable banking experience.,5,2024-08-12
152,CUST252,Interest rates are higher compared to competitors.,2,2024-11-17
153,CUST253,"Neutral experience, nothing extraordinary.",3,2024-04-26
154,CUST254,Support was acceptable but not impressive.,3,2024-08-23
155,CUST255,High hidden charges and slow service.,1,2025-03-01
156,CUST256,ATM often out of service.,2,2024-06-12
157,CUST257,Poor response to complaints and queries.,2,2024-10-21
158,CUST258,No hidden charges and transparent communication.,4,2024-10-02
159,CUST259,ATM often out of service.,1,2024-06-06
160,CUST260,Excellent service and easy online transactions.,5,2025-03-07
161,CUST261,Loans were processed faster than expected.,4,2024-09-17
162,CUST262,Highly satisfied with the banking experience.,5,2024-12-10
163,CUST263,Friendly customer service and quick responses.,4,2025-01-17
164,CUST264,Poor response to complaints and queries.,1,2024-07-20
165,CUST265,Highly satisfied with the banking experience.,4,2024-06-04
166,CUST266,No hidden charges and transparent communication.,5,2024-11-15
167,CUST267,Friendly customer service and quick responses.,5,2024-04-26
168,CUST268,ATM network is wide and accessible.,5,2024-09-14
169,CUST269,Banking experience was average.,3,2024-10-01
170,CUST270,ATM network is wide and accessible.,4,2024-12-11
171,CUST271,It’s okay for basic banking needs.,3,2024-09-19
172,CUST272,Loans were processed faster than expected.,5,2025-03-28
173,CUST273,Friendly customer service and quick responses.,4,2024-12-25
174,CUST274,Very smooth experience with customer care.,5,2025-01-07
175,CUST275,Great offers on credit cards and savings accounts.,4,2024-10-18
176,CUST276,Loans were processed faster than expected.,4,2024-06-14
177,CUST277,ATM network is wide and accessible.,5,2024-11-03
178,CUST278,Secure and reliable banking experience.,4,2025-04-15
179,CUST279,Loan process took too long with no updates.,2,2024-10-31
180,CUST280,Loans were processed faster than expected.,5,2024-06-08
181,CUST281,High hidden charges and slow service.,2,2024-10-16
182,CUST282,Website sometimes works slowly but manageable.,3,2024-05-23
183,CUST283,Website sometimes works slowly but manageable.,3,2024-09-15
184,CUST284,Faced issues with online transactions.,2,2024-08-21
185,CUST285,Loans were processed faster than expected.,4,2024-11-08
186,CUST286,Banking experience was average.,3,2024-12-28
187,CUST287,Nothing special but does the job.,3,2025-01-30
188,CUST288,Very smooth experience with customer care.,5,2025-03-06
189,CUST289,Loan process took too long with no updates.,1,2024-11-01
190,CUST290,Unhelpful customer service representatives.,2,2025-04-20
191,CUST291,"Neutral experience, nothing extraordinary.",3,2024-11-29
192,CUST292,Loans were processed faster than expected.,4,2024-06-26
193,CUST293,Mobile app crashes frequently.,1,2024-12-30
194,CUST294,Very smooth experience with customer care.,5,2024-06-27
195,CUST295,Service was neither good nor bad.,3,2025-04-15
196,CUST296,Interest rates are higher compared to competitors.,2,2025-03-13
197,CUST297,Highly satisfied with the banking experience.,5,2024-09-13
198,CUST298,ATM network is wide and accessible.,4,2025-01-12
199,CUST299,No hidden charges and transparent communication.,4,2025-01-17
200,CUST300,Unhelpful customer service representatives.,2,2024-08-31
201,CUST301,Nothing special but does the job.,3,2024-05-05
202,CUST302,Banking experience was average.,3,2025-01-20
203,CUST303,Support was acceptable but not impressive.,3,2024-12-02
204,CUST304,Secure and reliable banking experience.,4,2024-05-07
205,CUST305,Friendly customer service and quick responses.,4,2024-06-08
206,CUST306,High hidden charges and slow service.,1,2025-03-28
207,CUST307,Banking experience was average.,3,2024-09-24
208,CUST308,Poor response to complaints and queries.,2,2025-02-07
209,CUST309,No hidden charges and transparent communication.,4,2024-10-08
210,CUST310,Secure and reliable banking experience.,4,2024-10-02
211,CUST311,Great offers on credit cards and savings accounts.,4,2024-10-04
212,CUST312,"App features are just fine, nothing fancy.",3,2024-07-06
213,CUST313,No hidden charges and transparent communication.,4,2024-09-16
214,CUST314,ATM network is wide and accessible.,5,2025-04-15
215,CUST315,Nothing special but does the job.,3,2024-07-05
216,CUST316,Mobile app is very user-friendly and efficient.,5,2025-02-02
217,CUST317,Highly satisfied with the banking experience.,5,2025-03-11
218,CUST318,Website downtime caused major inconvenience.,2,2025-04-06
219,CUST319,Loan process took too long with no updates.,2,2024-07-28
220,CUST320,Poor response to complaints and queries.,2,2024-10-07
221,CUST321,Unhelpful customer service representatives.,1,2024-09-07
222,CUST322,Secure and reliable banking experience.,4,2024-07-07
223,CUST323,It’s okay for basic banking needs.,3,2024-10-12
224,CUST324,Highly satisfied with the banking experience.,5,2024-10-13
225,CUST325,ATM network is wide and accessible.,4,2025-01-06
226,CUST326,No hidden charges and transparent communication.,4,2024-10-15
227,CUST327,Bad response time from helpline.,1,2024-06-25
228,CUST328,Website downtime caused major inconvenience.,2,2024-12-09
229,CUST329,Bad response time from helpline.,1,2024-06-06
230,CUST330,Very smooth experience with customer care.,5,2024-06-29
231,CUST331,Poor response to complaints and queries.,1,2024-07-30
232,CUST332,Banking experience was average.,3,2025-03-14
233,CUST333,Great offers on credit cards and savings accounts.,5,2024-05-07
234,CUST334,Unhelpful customer service representatives.,1,2024-06-06
235,CUST335,Nothing special but does the job.,3,2024-10-01
236,CUST336,Banking experience was average.,3,2024-08-05
237,CUST337,Banking experience was average.,3,2025-04-05
238,CUST338,Bad response time from helpline.,2,2024-05-26
239,CUST339,No hidden charges and transparent communication.,5,2024-08-29
240,CUST340,ATM often out of service.,1,2024-12-08
241,CUST341,Excellent service and easy online transactions.,5,2024-06-05
242,CUST342,Excellent service and easy online transactions.,5,2025-03-15
243,CUST343,ATM network is wide and accessible.,5,2024-11-21
244,CUST344,Poor response to complaints and queries.,2,2024-07-27
245,CUST345,Highly satisfied with the banking experience.,5,2024-04-26
246,CUST346,Loan process took too long with no updates.,2,2024-05-17
247,CUST347,ATM network is wide and accessible.,5,2024-11-12
248,CUST348,ATM often out of service.,2,2024-05-02
249,CUST349,Banking experience was average.,3,2025-03-14
250,CUST350,Website downtime caused major inconvenience.,2,2025-04-06
251,CUST351,High hidden charges and slow service.,2,2025-04-24
252,CUST352,Mobile app crashes frequently.,1,2024-09-06
253,CUST353,Friendly customer service and quick responses.,4,2025-03-13
254,CUST354,Great offers on credit cards and savings accounts.,4,2024-11-19
255,CUST355,Friendly customer service and quick responses.,4,2024-08-24
256,CUST356,Very smooth experience with customer care.,4,2024-10-24
257,CUST357,Nothing special but does the job.,3,2024-05-15
258,CUST358,Website sometimes works slowly but manageable.,3,2025-04-01
259,CUST359,Loans were processed faster than expected.,5,2025-02-22
260,CUST360,ATM often out of service.,1,2024-10-28
261,CUST361,Mobile app is very user-friendly and efficient.,4,2024-09-21
262,CUST362,ATM often out of service.,2,2024-08-22
263,CUST363,Banking experience was average.,3,2025-01-03
264,CUST364,Mobile app is very user-friendly and efficient.,4,2024-07-02
265,CUST365,Nothing special but does the job.,3,2024-05-09
266,CUST366,Website downtime caused major inconvenience.,1,2025-02-01
267,CUST367,It’s okay for basic banking needs.,3,2024-05-15
268,CUST368,Friendly customer service and quick responses.,5,2024-06-02
269,CUST369,Overall neutral experience with minor issues.,3,2024-08-23
270,CUST370,Website downtime caused major inconvenience.,1,2024-06-07
271,CUST371,Mobile app is very user-friendly and efficient.,5,2025-01-27
272,CUST372,No hidden charges and transparent communication.,4,2025-02-22
273,CUST373,Mobile app is very user-friendly and efficient.,5,2024-08-14
274,CUST374,Secure and reliable banking experience.,5,2024-08-11
275,CUST375,Secure and reliable banking experience.,5,2025-02-05
276,CUST376,Highly satisfied with the banking experience.,5,2024-06-18
277,CUST377,It’s okay for basic banking needs.,3,2025-02-04
278,CUST378,No hidden charges and transparent communication.,5,2025-03-31
279,CUST379,Unhelpful customer service representatives.,2,2024-07-22
280,CUST380,ATM often out of service.,2,2025-03-29
281,CUST381,Friendly customer service and quick responses.,4,2025-01-22
282,CUST382,Poor response to complaints and queries.,2,2024-05-01
283,CUST383,Unhelpful customer service representatives.,1,2024-08-18
284,CUST384,Loans were processed faster than expected.,4,2024-05-02
285,CUST385,Website sometimes works slowly but manageable.,3,2024-09-27
286,CUST386,Branches are available but crowded sometimes.,3,2025-04-03
287,CUST387,Secure and reliable banking experience.,4,2024-10-27
288,CUST388,No hidden charges and transparent communication.,5,2024-09-22
289,CUST389,High hidden charges and slow service.,1,2024-11-16
290,CUST390,Bad response time from helpline.,2,2024-06-27
291,CUST391,No hidden charges and transparent communication.,4,2024-11-13
292,CUST392,Unhelpful customer service representatives.,2,2024-05-19
293,CUST393,Very smooth experience with customer care.,5,2024-07-05
294,CUST394,ATM network is wide and accessible.,5,2024-06-24
295,CUST395,Great offers on credit cards and savings accounts.,5,2024-12-17
296,CUST396,Secure and reliable banking experience.,4,2025-04-16
297,CUST397,Website sometimes works slowly but manageable.,3,2025-03-30
298,CUST398,Overall neutral experience with minor issues.,3,2024-09-11
299,CUST399,Poor response to complaints and queries.,1,2024-07-21
300,CUST400,Friendly customer service and quick responses.,4,2024-06-09
301,CUST401,Loan process took too long with no updates.,2,2024-10-24
302,CUST402,Website downtime caused major inconvenience.,2,2024-09-04
303,CUST403,"Neutral experience, nothing extraordinary.",3,2024-12-27
304,CUST404,Mobile app is very user-friendly and efficient.,4,2024-11-26
305,CUST405,Very smooth experience with customer care.,4,2024-08-12
306,CUST406,"App features are just fine, nothing fancy.",3,2024-07-02
307,CUST407,Great offers on credit cards and savings accounts.,5,2024-07-21
308,CUST408,Loans were processed faster than expected.,5,2024-09-05
309,CUST409,No hidden charges and transparent communication.,5,2024-07-08
310,CUST410,Branches are available but crowded sometimes.,3,2024-05-14
311,CUST411,It’s okay for basic banking needs.,3,2024-12-28
312,CUST412,Unhelpful customer service representatives.,2,2024-06-21
313,CUST413,"Neutral experience, nothing extraordinary.",3,2024-10-18
314,CUST414,"Neutral experience, nothing extraordinary.",3,2024-11-12
315,CUST415,"App features are just fine, nothing fancy.",3,2025-02-09
316,CUST416,Website downtime caused major inconvenience.,2,2024-09-02
317,CUST417,Friendly customer service and quick responses.,4,2025-02-08
318,CUST418,Faced issues with online transactions.,2,2024-10-06
319,CUST419,Support was acceptable but not impressive.,3,2025-01-21
320,CUST420,Mobile app is very user-friendly and efficient.,5,2024-04-30
321,CUST421,It’s okay for basic banking needs.,3,2024-12-29
322,CUST422,Poor response to complaints and queries.,2,2024-05-16
323,CUST423,Mobile app crashes frequently.,1,2024-05-20
324,CUST424,Loans were processed faster than expected.,4,2024-05-04
325,CUST425,Poor response to complaints and queries.,2,2024-10-01
326,CUST426,Friendly customer service and quick responses.,4,2025-02-12
327,CUST427,Website downtime caused major inconvenience.,2,2024-12-20
328,CUST428,Highly satisfied with the banking experience.,5,2024-08-03
329,CUST429,Very smooth experience with customer care.,4,2024-06-26
330,CUST430,Mobile app crashes frequently.,1,2024-05-21
331,CUST431,Unhelpful customer service representatives.,2,2025-03-14
332,CUST432,Support was acceptable but not impressive.,3,2024-11-05
333,CUST433,ATM network is wide and accessible.,5,2024-06-21
334,CUST434,Bad response time from helpline.,2,2025-03-17
335,CUST435,Friendly customer service and quick responses.,4,2024-10-06
336,CUST436,Banking experience was average.,3,2024-08-05
337,CUST437,Poor response to complaints and queries.,2,2024-07-27
338,CUST438,Mobile app is very user-friendly and efficient.,5,2024-11-03
339,CUST439,Poor response to complaints and queries.,2,2024-10-01
340,CUST440,Loan process took too long with no updates.,2,2024-09-14
341,CUST441,Loan process took too long with no updates.,1,2024-12-06
342,CUST442,Highly satisfied with the banking experience.,4,2025-03-09
343,CUST443,Excellent service and easy online transactions.,4,2024-05-29
344,CUST444,Branches are available but crowded sometimes.,3,2025-01-18
345,CUST445,Website downtime caused major inconvenience.,2,2024-06-10
346,CUST446,Loans were processed faster than expected.,5,2025-04-24
347,CUST447,Website downtime caused major inconvenience.,1,2024-11-29
348,CUST448,Interest rates are higher compared to competitors.,2,2024-05-02
349,CUST449,Highly satisfied with the banking experience.,4,2024-05-20
350,CUST450,Interest rates are higher compared to competitors.,2,2024-09-20
351,CUST451,ATM network is wide and accessible.,4,2025-01-30
352,CUST452,Great offers on credit cards and savings accounts.,5,2025-04-11
353,CUST453,Highly satisfied with the banking experience.,4,2025-03-30
354,CUST454,Service was neither good nor bad.,3,2024-05-07
355,CUST455,High hidden charges and slow service.,1,2024-08-13
356,CUST456,Mobile app crashes frequently.,1,2024-09-25
357,CUST457,Banking experience was average.,3,2025-03-23
358,CUST458,Faced issues with online transactions.,1,2025-01-12
359,CUST459,No hidden charges and transparent communication.,4,2025-02-19
360,CUST460,Secure and reliable banking experience.,5,2025-01-29
361,CUST461,Loans were processed faster than expected.,4,2024-05-08
362,CUST462,Excellent service and easy online transactions.,4,2024-07-23
363,CUST463,"App features are just fine, nothing fancy.",3,2024-05-01
364,CUST464,ATM network is wide and accessible.,5,2025-04-09
365,CUST465,Friendly customer service and quick responses.,5,2025-02-17
366,CUST466,Website downtime caused major inconvenience.,2,2025-03-20
367,CUST467,Banking experience was average.,3,2024-10-17
368,CUST468,No hidden charges and transparent communication.,5,2024-05-09
369,CUST469,Website sometimes works slowly but manageable.,3,2025-02-17
370,CUST470,Website sometimes works slowly but manageable.,3,2024-09-19
371,CUST471,No hidden charges and transparent communication.,5,2024-12-30
372,CUST472,Friendly customer service and quick responses.,4,2024-12-20
373,CUST473,Very smooth experience with customer care.,4,2024-09-03
374,CUST474,Loans were processed faster than expected.,5,2024-09-28
375,CUST475,Faced issues with online transactions.,2,2024-05-10
376,CUST476,Bad response time from helpline.,1,2025-02-11
377,CUST477,Highly satisfied with the banking experience.,4,2024-11-28
378,CUST478,Unhelpful customer service representatives.,2,2024-12-11
379,CUST479,"App features are just fine, nothing fancy.",3,2025-01-23
380,CUST480,It’s okay for basic banking needs.,3,2024-11-21
381,CUST481,Secure and reliable banking experience.,4,2025-02-16
382,CUST482,Nothing special but does the job.,3,2024-12-29
383,CUST483,Loans were processed faster than expected.,5,2024-12-20
384,CUST484,Highly satisfied with the banking experience.,5,2024-12-19
385,CUST485,Secure and reliable banking experience.,5,2024-10-03
386,CUST486,No hidden charges and transparent communication.,5,2025-04-18
387,CUST487,Support was acceptable but not impressive.,3,2024-12-04
388,CUST488,Friendly customer service and quick responses.,4,2024-09-14
389,CUST489,Website downtime caused major inconvenience.,2,2024-05-14
390,CUST490,ATM network is wide and accessible.,5,2024-06-24
391,CUST491,High hidden charges and slow service.,1,2024-12-24
392,CUST492,ATM network is wide and accessible.,4,2024-10-20
393,CUST493,Highly satisfied with the banking experience.,5,2025-01-19
394,CUST494,Great offers on credit cards and savings accounts.,4,2024-12-13
395,CUST495,No hidden charges and transparent communication.,5,2025-01-14
396,CUST496,Very smooth experience with customer care.,4,2024-11-22
397,CUST497,Secure and reliable banking experience.,4,2024-05-29
398,CUST498,Very smooth experience with customer care.,4,2024-12-31
399,CUST499,Friendly customer service and quick responses.,5,2024-12-03
400,CUST500,No hidden charges and transparent communication.,4,2024-06-28
401,CUST501,Secure and reliable banking experience.,5,2025-03-17
402,CUST502,Mobile app is very user-friendly and efficient.,5,2025-03-23
403,CUST503,High hidden charges and slow service.,2,2024-11-24
404,CUST504,Website downtime caused major inconvenience.,1,2024-10-14
405,CUST505,Highly satisfied with the banking experience.,5,2024-12-01
406,CUST506,Great offers on credit cards and savings accounts.,5,2024-07-01
407,CUST507,Overall neutral experience with minor issues.,3,2025-03-18
408,CUST508,Service was neither good nor bad.,3,2024-05-13
409,CUST509,Overall neutral experience with minor issues.,3,2024-05-14
410,CUST510,Overall neutral experience with minor issues.,3,2024-10-04
411,CUST511,ATM network is wide and accessible.,5,2024-05-11
412,CUST512,Bad response time from helpline.,2,2024-05-26
413,CUST513,Loans were processed faster than expected.,5,2025-04-08
414,CUST514,Branches are available but crowded sometimes.,3,2025-03-22
415,CUST515,Interest rates are higher compared to competitors.,1,2025-04-04
416,CUST516,Nothing special but does the job.,3,2024-12-31
417,CUST517,Nothing special but does the job.,3,2025-01-05
418,CUST518,Website sometimes works slowly but manageable.,3,2025-02-10
419,CUST519,Loans were processed faster than expected.,4,2025-03-17
420,CUST520,Website sometimes works slowly but manageable.,3,2025-02-18
421,CUST521,"App features are just fine, nothing fancy.",3,2024-12-26
422,CUST522,Highly satisfied with the banking experience.,4,2024-06-04
423,CUST523,Branches are available but crowded sometimes.,3,2025-01-24
424,CUST524,Highly satisfied with the banking experience.,5,2024-07-16
425,CUST525,Website sometimes works slowly but manageable.,3,2024-10-07
426,CUST526,Excellent service and easy online transactions.,4,2025-03-25
427,CUST527,Service was neither good nor bad.,3,2024-11-15
428,CUST528,Highly satisfied with the banking experience.,5,2024-11-22
429,CUST529,Bad response time from helpline.,2,2024-12-19
430,CUST530,Unhelpful customer service representatives.,1,2024-10-10
431,CUST531,Branches are available but crowded sometimes.,3,2025-03-27
432,CUST532,Poor response to complaints and queries.,1,2024-05-05
433,CUST533,Loans were processed faster than expected.,4,2024-12-29
434,CUST534,Overall neutral experience with minor issues.,3,2025-04-19
435,CUST535,ATM network is wide and accessible.,5,2024-10-16
436,CUST536,Service was neither good nor bad.,3,2024-08-17
437,CUST537,Very smooth experience with customer care.,4,2024-06-04
438,CUST538,Unhelpful customer service representatives.,1,2024-07-29
439,CUST539,Poor response to complaints and queries.,1,2025-01-09
440,CUST540,Loan process took too long with no updates.,1,2024-04-25
441,CUST541,Loans were processed faster than expected.,4,2024-11-17
442,CUST542,Interest rates are higher compared to competitors.,1,2024-09-21
443,CUST543,Interest rates are higher compared to competitors.,1,2024-08-25
444,CUST544,Nothing special but does the job.,3,2024-05-05
445,CUST545,It’s okay for basic banking needs.,3,2024-06-28
446,CUST546,Unhelpful customer service representatives.,2,2024-04-25
447,CUST547,Website sometimes works slowly but manageable.,3,2024-06-22
448,CUST548,Very smooth experience with customer care.,5,2024-12-18
449,CUST549,Highly satisfied with the banking experience.,4,2024-08-29
450,CUST550,"Neutral experience, nothing extraordinary.",3,2025-03-03
451,CUST551,Interest rates are higher compared to competitors.,1,2024-08-27
452,CUST552,Mobile app crashes frequently.,1,2024-08-31
453,CUST553,"Neutral experience, nothing extraordinary.",3,2024-07-13
454,CUST554,Nothing special but does the job.,3,2024-10-12
455,CUST555,Very smooth experience with customer care.,4,2024-10-15
456,CUST556,Mobile app is very user-friendly and efficient.,4,2024-10-27
457,CUST557,No hidden charges and transparent communication.,4,2025-01-03
458,CUST558,It’s okay for basic banking needs.,3,2024-09-01
459,CUST559,Loan process took too long with no updates.,1,2024-07-14
460,CUST560,Support was acceptable but not impressive.,3,2025-04-10
461,CUST561,ATM often out of service.,2,2024-10-07
462,CUST562,Very smooth experience with customer care.,4,2025-01-19
463,CUST563,It’s okay for basic banking needs.,3,2025-01-15
464,CUST564,ATM often out of service.,1,2024-11-05
465,CUST565,Excellent service and easy online transactions.,5,2024-06-01
466,CUST566,It’s okay for basic banking needs.,3,2025-02-17
467,CUST567,Loans were processed faster than expected.,4,2025-02-01
468,CUST568,Website downtime caused major inconvenience.,1,2025-03-29
469,CUST569,Faced issues with online transactions.,2,2025-04-22
470,CUST570,Banking experience was average.,3,2024-06-09
471,CUST571,No hidden charges and transparent communication.,4,2024-09-23
472,CUST572,Nothing special but does the job.,3,2024-05-06
473,CUST573,ATM network is wide and accessible.,4,2024-10-29
474,CUST574,Branches are available but crowded sometimes.,3,2025-04-14
475,CUST575,Mobile app crashes frequently.,1,2024-11-13
476,CUST576,Highly satisfied with the banking experience.,4,2024-11-27
477,CUST577,It’s okay for basic banking needs.,3,2024-05-10
478,CUST578,"App features are just fine, nothing fancy.",3,2025-01-27
479,CUST579,Service was neither good nor bad.,3,2025-01-06
480,CUST580,Support was acceptable but not impressive.,3,2024-06-09
481,CUST581,Faced issues with online transactions.,2,2024-10-30
482,CUST582,Banking experience was average.,3,2024-04-28
483,CUST583,ATM network is wide and accessible.,4,2024-07-15
484,CUST584,Bad response time from helpline.,2,2024-08-25
485,CUST585,Very smooth experience with customer care.,4,2024-12-24
486,CUST586,Support was acceptable but not impressive.,3,2024-11-23
487,CUST587,Interest rates are higher compared to competitors.,2,2024-08-31
488,CUST588,Poor response to complaints and queries.,1,2025-04-22
489,CUST589,Bad response time from helpline.,2,2025-02-25
490,CUST590,Friendly customer service and quick responses.,5,2024-05-03
491,CUST591,Faced issues with online transactions.,1,2024-12-27
492,CUST592,"Neutral experience, nothing extraordinary.",3,2024-12-13
493,CUST593,Excellent service and easy online transactions.,4,2024-12-05
494,CUST594,"App features are just fine, nothing fancy.",3,2024-09-23
495,CUST595,Excellent service and easy online transactions.,5,2024-05-04
496,CUST596,Interest rates are higher compared to competitors.,2,2024-10-11
497,CUST597,No hidden charges and transparent communication.,4,2024-12-06
498,CUST598,Banking experience was average.,3,2024-04-27
499,CUST599,Website downtime caused major inconvenience.,2,2024-09-02
500,CUST600,Branches are available but crowded sometimes.,3,2025-03-31
501,CUST601,Overall neutral experience with minor issues.,3,2024-11-15
502,CUST602,Overall neutral experience with minor issues.,3,2025-02-14
503,CUST603,Mobile app is very user-friendly and efficient.,5,2024-12-28
504,CUST604,Branches are available but crowded sometimes.,3,2024-06-13
505,CUST605,Service was neither good nor bad.,3,2024-06-28
506,CUST606,Secure and reliable banking experience.,4,2024-11-05
507,CUST607,Website sometimes works slowly but manageable.,3,2025-01-03
508,CUST608,Very smooth experience with customer care.,5,2025-01-20
509,CUST609,Service was neither good nor bad.,3,2024-12-23
510,CUST610,Website downtime caused major inconvenience.,1,2024-11-02
511,CUST611,Highly satisfied with the banking experience.,5,2024-11-11
512,CUST612,It’s okay for basic banking needs.,3,2024-09-05
513,CUST613,Service was neither good nor bad.,3,2025-04-09
514,CUST614,Poor response to complaints and queries.,1,2024-12-05
515,CUST615,Interest rates are higher compared to competitors.,2,2024-09-20
516,CUST616,No hidden charges and transparent communication.,4,2024-09-21
517,CUST617,Overall neutral experience with minor issues.,3,2024-12-26
518,CUST618,ATM network is wide and accessible.,4,2024-12-14
519,CUST619,Poor response to complaints and queries.,2,2024-05-06
520,CUST620,ATM network is wide and accessible.,5,2024-08-05
521,CUST621,Website downtime caused major inconvenience.,2,2024-10-10
522,CUST622,Service was neither good nor bad.,3,2025-01-08
523,CUST623,ATM network is wide and accessible.,5,2025-03-22
524,CUST624,No hidden charges and transparent communication.,5,2024-06-10
525,CUST625,"Neutral experience, nothing extraordinary.",3,2025-04-05
526,CUST626,Mobile app is very user-friendly and efficient.,5,2025-03-02
527,CUST627,Excellent service and easy online transactions.,5,2025-03-24
528,CUST628,Poor response to complaints and queries.,1,2024-11-10
529,CUST629,Excellent service and easy online transactions.,4,2024-11-08
530,CUST630,Website downtime caused major inconvenience.,2,2024-09-17
531,CUST631,Bad response time from helpline.,1,2025-03-04
532,CUST632,"App features are just fine, nothing fancy.",3,2024-08-06
533,CUST633,Mobile app crashes frequently.,2,2025-03-21
534,CUST634,Interest rates are higher compared to competitors.,1,2024-05-27
535,CUST635,Highly satisfied with the banking experience.,4,2024-05-29
536,CUST636,Highly satisfied with the banking experience.,5,2024-08-29
537,CUST637,Mobile app is very user-friendly and efficient.,4,2025-02-01
538,CUST638,It’s okay for basic banking needs.,3,2024-07-15
539,CUST639,Friendly customer service and quick responses.,5,2025-04-08
540,CUST640,It’s okay for basic banking needs.,3,2024-06-11
541,CUST641,Loans were processed faster than expected.,5,2024-07-01
542,CUST642,Great offers on credit cards and savings accounts.,5,2025-01-23
543,CUST643,Banking experience was average.,3,2025-04-19
544,CUST644,ATM network is wide and accessible.,4,2024-07-07
545,CUST645,Loan process took too long with no updates.,1,2025-03-26
546,CUST646,Excellent service and easy online transactions.,5,2024-06-16
547,CUST647,"Neutral experience, nothing extraordinary.",3,2024-07-19
548,CUST648,Branches are available but crowded sometimes.,3,2025-03-03
549,CUST649,Highly satisfied with the banking experience.,4,2024-06-14
550,CUST650,Great offers on credit cards and savings accounts.,5,2024-10-21
551,CUST651,Service was neither good nor bad.,3,2025-03-03
552,CUST652,Nothing special but does the job.,3,2025-02-04
553,CUST653,Excellent service and easy online transactions.,5,2025-03-22
554,CUST654,Support was acceptable but not impressive.,3,2024-09-13
555,CUST655,Bad response time from helpline.,2,2025-02-24
556,CUST656,Mobile app crashes frequently.,1,2024-12-02
557,CUST657,Service was neither good nor bad.,3,2025-01-29
558,CUST658,No hidden charges and transparent communication.,4,2024-09-11
559,CUST659,Branches are available but crowded sometimes.,3,2024-07-14
560,CUST660,Faced issues with online transactions.,2,2024-08-27
561,CUST661,Mobile app is very user-friendly and efficient.,5,2024-05-05
562,CUST662,No hidden charges and transparent communication.,5,2024-05-06
563,CUST663,Website downtime caused major inconvenience.,2,2024-09-23
564,CUST664,Highly satisfied with the banking experience.,4,2024-06-17
565,CUST665,Very smooth experience with customer care.,4,2024-05-26
566,CUST666,Branches are available but crowded sometimes.,3,2024-12-19
567,CUST667,Banking experience was average.,3,2024-11-15
568,CUST668,High hidden charges and slow service.,2,2024-06-08
569,CUST669,Overall neutral experience with minor issues.,3,2024-07-05
570,CUST670,Loan process took too long with no updates.,1,2024-11-27
571,CUST671,"App features are just fine, nothing fancy.",3,2024-11-20
572,CUST672,Very smooth experience with customer care.,4,2024-09-29
573,CUST673,Poor response to complaints and queries.,1,2025-02-04
574,CUST674,Branches are available but crowded sometimes.,3,2024-10-13
575,CUST675,Faced issues with online transactions.,1,2025-02-14
576,CUST676,Great offers on credit cards and savings accounts.,4,2024-12-02
577,CUST677,Highly satisfied with the banking experience.,4,2024-09-26
578,CUST678,Great offers on credit cards and savings accounts.,4,2025-04-10
579,CUST679,No hidden charges and transparent communication.,4,2025-01-15
580,CUST680,Loans were processed faster than expected.,4,2024-05-05
581,CUST681,Loans were processed faster than expected.,4,2024-12-19
582,CUST682,ATM network is wide and accessible.,4,2025-03-27
583,CUST683,Banking experience was average.,3,2025-03-04
584,CUST684,ATM often out of service.,2,2024-08-22
585,CUST685,"Neutral experience, nothing extraordinary.",3,2024-06-15
586,CUST686,Nothing special but does the job.,3,2024-10-29
587,CUST687,Bad response time from helpline.,1,2024-10-05
588,CUST688,Very smooth experience with customer care.,4,2025-04-24
589,CUST689,ATM network is wide and accessible.,5,2025-01-13
590,CUST690,Website downtime caused major inconvenience.,1,2024-12-07
591,CUST691,Unhelpful customer service representatives.,1,2025-02-27
592,CUST692,Bad response time from helpline.,1,2024-10-01
593,CUST693,High hidden charges and slow service.,1,2024-12-23
594,CUST694,Website sometimes works slowly but manageable.,3,2025-03-19
595,CUST695,Website sometimes works slowly but manageable.,3,2024-05-29
596,CUST696,Support was acceptable but not impressive.,3,2024-08-24
597,CUST697,ATM network is wide and accessible.,4,2024-11-02
598,CUST698,Branches are available but crowded sometimes.,3,2024-09-07
599,CUST699,Faced issues with online transactions.,2,2024-06-16
600,CUST700,Interest rates are higher compared to competitors.,2,2024-10-24
601,CUST701,Website downtime caused major inconvenience.,1,2025-01-18
602,CUST702,Unhelpful customer service representatives.,2,2024-08-06
603,CUST703,Secure and reliable banking experience.,5,2024-07-31
604,CUST704,Secure and reliable banking experience.,5,2024-09-22
605,CUST705,Loan process took too long with no updates.,1,2024-12-05
606,CUST706,Secure and reliable banking experience.,4,2024-08-13
607,CUST707,Nothing special but does the job.,3,2024-09-22
608,CUST708,"Neutral experience, nothing extraordinary.",3,2024-08-17
609,CUST709,Faced issues with online transactions.,1,2024-08-14
610,CUST710,Loan process took too long with no updates.,2,2024-05-16
611,CUST711,Website sometimes works slowly but manageable.,3,2024-08-15
612,CUST712,Website downtime caused major inconvenience.,1,2024-09-16
613,CUST713,Mobile app is very user-friendly and efficient.,5,2024-05-03
614,CUST714,Highly satisfied with the banking experience.,5,2025-04-07
615,CUST715,Overall neutral experience with minor issues.,3,2025-02-05
616,CUST716,Unhelpful customer service representatives.,1,2024-08-26
617,CUST717,Mobile app crashes frequently.,2,2024-05-29
618,CUST718,Loans were processed faster than expected.,4,2024-12-12
619,CUST719,Highly satisfied with the banking experience.,4,2024-06-20
620,CUST720,Loans were processed faster than expected.,4,2024-08-03
621,CUST721,Overall neutral experience with minor issues.,3,2024-11-24
622,CUST722,No hidden charges and transparent communication.,4,2024-04-29
623,CUST723,Loan process took too long with no updates.,2,2024-11-04
624,CUST724,Unhelpful customer service representatives.,1,2024-05-29
625,CUST725,It’s okay for basic banking needs.,3,2025-02-20
626,CUST726,Mobile app is very user-friendly and efficient.,5,2024-09-14
627,CUST727,Poor response to complaints and queries.,2,2024-09-12
628,CUST728,Branches are available but crowded sometimes.,3,2025-04-15
629,CUST729,"Neutral experience, nothing extraordinary.",3,2024-12-27
630,CUST730,It’s okay for basic banking needs.,3,2024-09-18
631,CUST731,Bad response time from helpline.,2,2025-04-17
632,CUST732,Secure and reliable banking experience.,4,2025-04-17
633,CUST733,Service was neither good nor bad.,3,2025-02-22
634,CUST734,Great offers on credit cards and savings accounts.,5,2025-02-01
635,CUST735,Bad response time from helpline.,2,2025-01-28
636,CUST736,Excellent service and easy online transactions.,4,2024-05-27
637,CUST737,Support was acceptable but not impressive.,3,2024-05-21
638,CUST738,Mobile app crashes frequently.,2,2024-12-27
639,CUST739,ATM network is wide and accessible.,5,2024-06-25
640,CUST740,No hidden charges and transparent communication.,4,2024-06-21
641,CUST741,Mobile app is very user-friendly and efficient.,4,2025-04-13
642,CUST742,Very smooth experience with customer care.,5,2025-01-09
643,CUST743,Faced issues with online transactions.,1,2024-07-05
644,CUST744,Friendly customer service and quick responses.,4,2024-07-14
645,CUST745,Secure and reliable banking experience.,4,2024-06-01
646,CUST746,Great offers on credit cards and savings accounts.,5,2024-10-10
647,CUST747,Highly satisfied with the banking experience.,5,2025-04-07
648,CUST748,Website downtime caused major inconvenience.,2,2024-09-13
649,CUST749,Great offers on credit cards and savings accounts.,4,2024-07-18
650,CUST750,It’s okay for basic banking needs.,3,2025-02-15
651,CUST751,Excellent service and easy online transactions.,4,2024-11-30
652,CUST752,Service was neither good nor bad.,3,2024-05-24
653,CUST753,Mobile app crashes frequently.,1,2024-09-05
654,CUST754,Mobile app is very user-friendly and efficient.,4,2024-10-25
655,CUST755,High hidden charges and slow service.,2,2025-02-07
656,CUST756,Excellent service and easy online transactions.,4,2025-02-06
657,CUST757,Interest rates are higher compared to competitors.,2,2024-10-26
658,CUST758,Support was acceptable but not impressive.,3,2025-02-09
659,CUST759,Excellent service and easy online transactions.,4,2024-07-13
660,CUST760,Interest rates are higher compared to competitors.,1,2024-06-09
661,CUST761,"Neutral experience, nothing extraordinary.",3,2025-02-13
662,CUST762,Unhelpful customer service representatives.,1,2024-08-13
663,CUST763,ATM network is wide and accessible.,4,2024-08-15
664,CUST764,Website downtime caused major inconvenience.,2,2024-10-23
665,CUST765,Unhelpful customer service representatives.,2,2025-02-03
666,CUST766,Support was acceptable but not impressive.,3,2024-06-28
667,CUST767,Highly satisfied with the banking experience.,5,2024-05-28
668,CUST768,"Neutral experience, nothing extraordinary.",3,2024-10-01
669,CUST769,Great offers on credit cards and savings accounts.,5,2024-07-01
670,CUST770,"App features are just fine, nothing fancy.",3,2025-02-17
671,CUST771,Friendly customer service and quick responses.,5,2024-12-29
672,CUST772,High hidden charges and slow service.,1,2024-04-27
673,CUST773,ATM often out of service.,1,2024-08-08
674,CUST774,Great offers on credit cards and savings accounts.,5,2025-03-08
675,CUST775,Banking experience was average.,3,2024-07-29
676,CUST776,Banking experience was average.,3,2025-01-07
677,CUST777,Faced issues with online transactions.,1,2025-01-26
678,CUST778,Faced issues with online transactions.,2,2025-01-04
679,CUST779,Highly satisfied with the banking experience.,5,2024-10-18
680,CUST780,Friendly customer service and quick responses.,4,2025-01-04
681,CUST781,Loans were processed faster than expected.,4,2024-11-02
682,CUST782,Loans were processed faster than expected.,4,2024-11-06
683,CUST783,Banking experience was average.,3,2024-04-30
684,CUST784,Bad response time from helpline.,2,2025-03-05
685,CUST785,Website sometimes works slowly but manageable.,3,2024-09-11
686,CUST786,High hidden charges and slow service.,2,2025-02-16
687,CUST787,Faced issues with online transactions.,1,2024-10-30
688,CUST788,Friendly customer service and quick responses.,5,2024-09-04
689,CUST789,ATM network is wide and accessible.,5,2024-11-22
690,CUST790,Secure and reliable banking experience.,4,2024-08-02
691,CUST791,"App features are just fine, nothing fancy.",3,2024-05-08
692,CUST792,Friendly customer service and quick responses.,4,2024-10-11
693,CUST793,No hidden charges and transparent communication.,5,2025-03-05
694,CUST794,Website downtime caused major inconvenience.,1,2025-03-17
695,CUST795,Website sometimes works slowly but manageable.,3,2024-05-15
696,CUST796,Excellent service and easy online transactions.,5,2024-07-08
697,CUST797,Branches are available but crowded sometimes.,3,2024-10-11
698,CUST798,No hidden charges and transparent communication.,4,2025-01-14
699,CUST799,ATM network is wide and accessible.,5,2025-01-24
700,CUST800,"App features are just fine, nothing fancy.",3,2024-12-17
701,CUST801,Friendly customer service and quick responses.,5,2024-12-12
702,CUST802,Unhelpful customer service representatives.,2,2024-10-27
703,CUST803,Very smooth experience with customer care.,4,2024-07-24
704,CUST804,ATM network is wide and accessible.,5,2025-03-09
705,CUST805,"Neutral experience, nothing extraordinary.",3,2024-12-02
706,CUST806,Branches are available but crowded sometimes.,3,2025-02-13
707,CUST807,Banking experience was average.,3,2025-01-23
708,CUST808,Secure and reliable banking experience.,5,2024-09-28
709,CUST809,Support was acceptable but not impressive.,3,2024-07-02
710,CUST810,Mobile app crashes frequently.,1,2025-04-13
711,CUST811,No hidden charges and transparent communication.,4,2024-06-06
712,CUST812,Nothing special but does the job.,3,2024-12-23
713,CUST813,Great offers on credit cards and savings accounts.,4,2024-06-22
714,CUST814,Great offers on credit cards and savings accounts.,5,2024-05-05
715,CUST815,Faced issues with online transactions.,1,2024-09-20
716,CUST816,ATM network is wide and accessible.,4,2025-01-29
717,CUST817,Great offers on credit cards and savings accounts.,4,2025-04-01
718,CUST818,Interest rates are higher compared to competitors.,1,2025-02-02
719,CUST819,Excellent service and easy online transactions.,5,2024-09-19
720,CUST820,Poor response to complaints and queries.,1,2024-05-11
721,CUST821,Service was neither good nor bad.,3,2024-07-25
722,CUST822,Great offers on credit cards and savings accounts.,4,2025-01-22
723,CUST823,Interest rates are higher compared to competitors.,2,2024-07-17
724,CUST824,Excellent service and easy online transactions.,4,2024-07-16
725,CUST825,Website downtime caused major inconvenience.,2,2024-12-26
726,CUST826,It’s okay for basic banking needs.,3,2024-08-05
727,CUST827,Branches are available but crowded sometimes.,3,2024-05-29
728,CUST828,Friendly customer service and quick responses.,4,2025-01-08
729,CUST829,Excellent service and easy online transactions.,4,2024-05-30
730,CUST830,Mobile app is very user-friendly and efficient.,5,2024-06-22
731,CUST831,Service was neither good nor bad.,3,2024-10-18
732,CUST832,No hidden charges and transparent communication.,5,2024-10-29
733,CUST833,Overall neutral experience with minor issues.,3,2024-05-28
734,CUST834,Great offers on credit cards and savings accounts.,5,2024-10-08
735,CUST835,Interest rates are higher compared to competitors.,1,2025-04-20
736,CUST836,ATM often out of service.,1,2024-10-14
737,CUST837,"Neutral experience, nothing extraordinary.",3,2024-06-28
738,CUST838,Mobile app is very user-friendly and efficient.,5,2024-06-26
739,CUST839,"Neutral experience, nothing extraordinary.",3,2025-02-21
740,CUST840,Mobile app crashes frequently.,2,2024-05-28
741,CUST841,Banking experience was average.,3,2024-10-23
742,CUST842,ATM network is wide and accessible.,4,2024-07-08
743,CUST843,Bad response time from helpline.,1,2024-07-17
744,CUST844,Friendly customer service and quick responses.,4,2024-09-29
745,CUST845,Unhelpful customer service representatives.,2,2025-03-16
746,CUST846,ATM network is wide and accessible.,4,2024-07-06
747,CUST847,Secure and reliable banking experience.,4,2024-07-19
748,CUST848,Excellent service and easy online transactions.,5,2025-03-09
749,CUST849,Loan process took too long with no updates.,2,2025-04-14
750,CUST850,It’s okay for basic banking needs.,3,2025-02-27
751,CUST851,Unhelpful customer service representatives.,2,2024-05-02
752,CUST852,"Neutral experience, nothing extraordinary.",3,2024-09-18
753,CUST853,Faced issues with online transactions.,1,2024-06-06
754,CUST854,It’s okay for basic banking needs.,3,2025-01-27
755,CUST855,Service was neither good nor bad.,3,2024-10-17
756,CUST856,Bad response time from helpline.,2,2024-06-14
757,CUST857,Interest rates are higher compared to competitors.,1,2024-10-17
758,CUST858,Overall neutral experience with minor issues.,3,2024-10-02
759,CUST859,Website sometimes works slowly but manageable.,3,2024-11-18
760,CUST860,ATM network is wide and accessible.,4,2025-02-26
761,CUST861,High hidden charges and slow service.,1,2025-02-08
762,CUST862,Support was acceptable but not impressive.,3,2024-09-30
763,CUST863,Banking experience was average.,3,2025-01-13
764,CUST864,Service was neither good nor bad.,3,2025-02-07
765,CUST865,Excellent service and easy online transactions.,5,2024-08-09
766,CUST866,No hidden charges and transparent communication.,4,2024-12-03
767,CUST867,Very smooth experience with customer care.,5,2024-07-14
768,CUST868,Nothing special but does the job.,3,2024-06-28
769,CUST869,Overall neutral experience with minor issues.,3,2024-12-05
770,CUST870,Poor response to complaints and queries.,2,2024-05-28
771,CUST871,Very smooth experience with customer care.,5,2025-03-12
772,CUST872,Banking experience was average.,3,2025-03-01
773,CUST873,ATM network is wide and accessible.,5,2025-02-23
774,CUST874,Mobile app crashes frequently.,1,2024-07-01
775,CUST875,Mobile app crashes frequently.,2,2024-06-16
776,CUST876,Friendly customer service and quick responses.,5,2025-04-24
777,CUST877,It’s okay for basic banking needs.,3,2024-08-03
778,CUST878,Unhelpful customer service representatives.,2,2025-01-29
779,CUST879,Friendly customer service and quick responses.,5,2024-10-21
780,CUST880,ATM often out of service.,1,2024-05-16
781,CUST881,Excellent service and easy online transactions.,4,2024-07-16
782,CUST882,Friendly customer service and quick responses.,5,2025-01-24
783,CUST883,Mobile app is very user-friendly and efficient.,4,2024-06-20
784,CUST884,High hidden charges and slow service.,1,2024-08-26
785,CUST885,Great offers on credit cards and savings accounts.,4,2025-04-22
786,CUST886,ATM network is wide and accessible.,5,2024-06-08
787,CUST887,High hidden charges and slow service.,1,2024-05-31
788,CUST888,Great offers on credit cards and savings accounts.,5,2024-11-02
789,CUST889,Website sometimes works slowly but manageable.,3,2025-01-22
790,CUST890,Branches are available but crowded sometimes.,3,2024-08-19
791,CUST891,Loans were processed faster than expected.,5,2024-06-10
792,CUST892,"App features are just fine, nothing fancy.",3,2025-02-07
793,CUST893,Loan process took too long with no updates.,1,2024-06-06
794,CUST894,Website sometimes works slowly but manageable.,3,2024-06-30
795,CUST895,Nothing special but does the job.,3,2024-07-11
796,CUST896,ATM network is wide and accessible.,5,2024-10-04
797,CUST897,Loans were processed faster than expected.,4,2024-05-01
798,CUST898,Support was acceptable but not impressive.,3,2024-07-28
799,CUST899,Service was neither good nor bad.,3,2024-12-01
800,CUST900,Excellent service and easy online transactions.,4,2025-01-30
801,CUST901,Interest rates are higher compared to competitors.,1,2025-03-04
802,CUST902,Banking experience was average.,3,2024-06-02
803,CUST903,Poor response to complaints and queries.,1,2025-03-17
804,CUST904,Mobile app crashes frequently.,2,2024-04-26
805,CUST905,Unhelpful customer service representatives.,2,2024-06-12
806,CUST906,Support was acceptable but not impressive.,3,2024-04-24
807,CUST907,Highly satisfied with the banking experience.,4,2025-01-18
808,CUST908,Mobile app crashes frequently.,1,2024-09-17
809,CUST909,Secure and reliable banking experience.,5,2024-09-16
810,CUST910,Mobile app is very user-friendly and efficient.,4,2024-09-20
811,CUST911,Poor response to complaints and queries.,1,2024-06-28
812,CUST912,No hidden charges and transparent communication.,4,2024-05-25
813,CUST913,Overall neutral experience with minor issues.,3,2025-01-11
814,CUST914,Great offers on credit cards and savings accounts.,4,2025-01-07
815,CUST915,Mobile app is very user-friendly and efficient.,5,2024-05-19
816,CUST916,Loans were processed faster than expected.,5,2025-03-17
817,CUST917,Great offers on credit cards and savings accounts.,5,2024-09-15
818,CUST918,Service was neither good nor bad.,3,2025-02-03
819,CUST919,Mobile app is very user-friendly and efficient.,4,2025-02-24
820,CUST920,Mobile app is very user-friendly and efficient.,5,2024-10-13
821,CUST921,Great offers on credit cards and savings accounts.,5,2024-07-10
822,CUST922,Very smooth experience with customer care.,4,2024-11-29
823,CUST923,Secure and reliable banking experience.,5,2024-12-17
824,CUST924,Poor response to complaints and queries.,1,2024-11-30
825,CUST925,It’s okay for basic banking needs.,3,2024-06-12
826,CUST926,Loan process took too long with no updates.,1,2025-03-15
827,CUST927,Unhelpful customer service representatives.,2,2024-06-14
828,CUST928,Mobile app crashes frequently.,2,2025-02-13
829,CUST929,Great offers on credit cards and savings accounts.,4,2024-07-31
830,CUST930,No hidden charges and transparent communication.,4,2024-07-11
831,CUST931,Great offers on credit cards and savings accounts.,4,2024-05-01
832,CUST932,Very smooth experience with customer care.,4,2024-05-17
833,CUST933,Service was neither good nor bad.,3,2025-01-07
834,CUST934,Overall neutral experience with minor issues.,3,2024-10-06
835,CUST935,It’s okay for basic banking needs.,3,2024-06-24
836,CUST936,Excellent service and easy online transactions.,5,2024-11-17
837,CUST937,Loan process took too long with no updates.,1,2025-02-02
838,CUST938,Friendly customer service and quick responses.,4,2024-09-16
839,CUST939,Website downtime caused major inconvenience.,1,2024-10-13
840,CUST940,Unhelpful customer service representatives.,1,2025-04-04
841,CUST941,Mobile app crashes frequently.,2,2024-12-14
842,CUST942,Branches are available but crowded sometimes.,3,2025-01-11
843,CUST943,It’s okay for basic banking needs.,3,2024-08-06
844,CUST944,Loan process took too long with no updates.,1,2024-05-30
845,CUST945,No hidden charges and transparent communication.,5,2024-12-12
846,CUST946,Service was neither good nor bad.,3,2024-11-19
847,CUST947,Branches are available but crowded sometimes.,3,2024-08-02
848,CUST948,Faced issues with online transactions.,2,2024-12-15
849,CUST949,Loans were processed faster than expected.,4,2024-09-09
850,CUST950,Secure and reliable banking experience.,5,2024-06-04
851,CUST951,Support was acceptable but not impressive.,3,2025-03-09
852,CUST952,"Neutral experience, nothing extraordinary.",3,2024-11-16
853,CUST953,"Neutral experience, nothing extraordinary.",3,2024-11-02
854,CUST954,Nothing special but does the job.,3,2024-04-29
855,CUST955,"Neutral experience, nothing extraordinary.",3,2025-01-29
856,CUST956,Website downtime caused major inconvenience.,1,2025-01-12
857,CUST957,"App features are just fine, nothing fancy.",3,2025-01-13
858,CUST958,Friendly customer service and quick responses.,5,2024-06-14
859,CUST959,Overall neutral experience with minor issues.,3,2025-04-11
860,CUST960,Overall neutral experience with minor issues.,3,2025-04-16
861,CUST961,Website sometimes works slowly but manageable.,3,2025-02-17
862,CUST962,ATM often out of service.,1,2025-03-05
863,CUST963,"App features are just fine, nothing fancy.",3,2024-09-04
864,CUST964,Very smooth experience with customer care.,4,2025-01-17
865,CUST965,Overall neutral experience with minor issues.,3,2025-04-21
866,CUST966,Overall neutral experience with minor issues.,3,2024-11-20
867,CUST967,Bad response time from helpline.,1,2024-10-28
868,CUST968,It’s okay for basic banking needs.,3,2024-10-21
869,CUST969,Nothing special but does the job.,3,2025-04-01
870,CUST970,Bad response time from helpline.,1,2024-07-27
871,CUST971,Website downtime caused major inconvenience.,2,2025-02-06
872,CUST972,High hidden charges and slow service.,1,2024-07-15
873,CUST973,Great offers on credit cards and savings accounts.,4,2025-01-28
874,CUST974,Loans were processed faster than expected.,4,2024-12-28
875,CUST975,Very smooth experience with customer care.,4,2024-08-05
876,CUST976,ATM network is wide and accessible.,5,2024-06-01
877,CUST977,High hidden charges and slow service.,2,2024-08-07
878,CUST978,ATM network is wide and accessible.,4,2024-11-28
879,CUST979,Poor response to complaints and queries.,1,2025-02-19
880,CUST980,"Neutral experience, nothing extraordinary.",3,2025-02-19
881,CUST981,Bad response time from helpline.,1,2025-02-17
882,CUST982,Highly satisfied with the banking experience.,4,2024-08-15
883,CUST983,Website sometimes works slowly but manageable.,3,2024-10-25
884,CUST984,Branches are available but crowded sometimes.,3,2025-01-11
885,CUST985,Unhelpful customer service representatives.,2,2025-03-23
886,CUST986,Great offers on credit cards and savings accounts.,4,2025-03-01
887,CUST987,Website sometimes works slowly but manageable.,3,2024-08-07
888,CUST988,Service was neither good nor bad.,3,2024-11-29
889,CUST989,Highly satisfied with the banking experience.,4,2024-05-11
890,CUST990,Unhelpful customer service representatives.,2,2024-08-06
891,CUST991,Support was acceptable but not impressive.,3,2025-02-26
892,CUST992,Loans were processed faster than expected.,5,2024-06-26
893,CUST993,Mobile app is very user-friendly and efficient.,4,2025-03-25
894,CUST994,Support was acceptable but not impressive.,3,2024-12-05
895,CUST995,"Neutral experience, nothing extraordinary.",3,2024-10-25
896,CUST996,Interest rates are higher compared to competitors.,1,2024-07-16
897,CUST997,Support was acceptable but not impressive.,3,2025-04-11
898,CUST998,"App features are just fine, nothing fancy.",3,2025-03-11
899,CUST999,Very smooth experience with customer care.,5,2024-07-08
900,CUST1000,Unhelpful customer service representatives.,1,2024-12-30
901,CUST1001,Great offers on credit cards and savings accounts.,4,2024-10-28
902,CUST1002,Very smooth experience with customer care.,4,2024-06-08
903,CUST1003,Website downtime caused major inconvenience.,2,2024-12-19
904,CUST1004,ATM often out of service.,2,2024-04-30
905,CUST1005,Very smooth experience with customer care.,4,2024-10-26
906,CUST1006,ATM often out of service.,2,2025-01-12
907,CUST1007,Mobile app is very user-friendly and efficient.,5,2025-03-02
908,CUST1008,Faced issues with online transactions.,2,2025-02-19
909,CUST1009,Branches are available but crowded sometimes.,3,2024-08-26
910,CUST1010,Support was acceptable but not impressive.,3,2024-10-30
911,CUST1011,Very smooth experience with customer care.,5,2024-11-03
912,CUST1012,High hidden charges and slow service.,2,2024-05-12
913,CUST1013,Secure and reliable banking experience.,5,2024-12-27
914,CUST1014,ATM often out of service.,2,2024-07-25
915,CUST1015,ATM network is wide and accessible.,4,2024-09-27
916,CUST1016,Interest rates are higher compared to competitors.,1,2025-01-10
917,CUST1017,Nothing special but does the job.,3,2024-06-27
918,CUST1018,Friendly customer service and quick responses.,4,2024-12-27
919,CUST1019,Highly satisfied with the banking experience.,4,2024-06-09
920,CUST1020,Branches are available but crowded sometimes.,3,2024-07-02
921,CUST1021,Unhelpful customer service representatives.,2,2024-05-29
922,CUST1022,Banking experience was average.,3,2024-12-08
923,CUST1023,ATM network is wide and accessible.,4,2024-12-21
924,CUST1024,Interest rates are higher compared to competitors.,1,2024-12-11
925,CUST1025,Friendly customer service and quick responses.,4,2024-05-03
926,CUST1026,ATM network is wide and accessible.,4,2025-01-11
927,CUST1027,Banking experience was average.,3,2025-03-09
928,CUST1028,No hidden charges and transparent communication.,4,2024-07-20
929,CUST1029,Bad response time from helpline.,2,2024-11-08
930,CUST1030,Website sometimes works slowly but manageable.,3,2024-08-09
931,CUST1031,Website sometimes works slowly but manageable.,3,2025-01-05
932,CUST1032,Mobile app crashes frequently.,2,2024-06-11
933,CUST1033,Branches are available but crowded sometimes.,3,2025-04-10
934,CUST1034,Support was acceptable but not impressive.,3,2024-11-05
935,CUST1035,Secure and reliable banking experience.,4,2024-07-07
936,CUST1036,ATM often out of service.,2,2025-02-18
937,CUST1037,ATM network is wide and accessible.,4,2024-05-02
938,CUST1038,Highly satisfied with the banking experience.,5,2024-05-09
939,CUST1039,Branches are available but crowded sometimes.,3,2024-09-05
940,CUST1040,Interest rates are higher compared to competitors.,1,2024-11-07
941,CUST1041,Highly satisfied with the banking experience.,4,2025-04-20
942,CUST1042,Excellent service and easy online transactions.,4,2024-08-11
943,CUST1043,Friendly customer service and quick responses.,5,2025-01-03
944,CUST1044,Secure and reliable banking experience.,5,2024-11-26
945,CUST1045,Mobile app is very user-friendly and efficient.,5,2024-08-28
946,CUST1046,Great offers on credit cards and savings accounts.,5,2025-01-10
947,CUST1047,It’s okay for basic banking needs.,3,2024-07-22
948,CUST1048,Secure and reliable banking experience.,5,2025-01-31
949,CUST1049,Unhelpful customer service representatives.,1,2024-06-03
950,CUST1050,Faced issues with online transactions.,1,2024-12-24
951,CUST1051,Overall neutral experience with minor issues.,3,2025-04-09
952,CUST1052,Support was acceptable but not impressive.,3,2025-02-01
953,CUST1053,Banking experience was average.,3,2024-05-12
954,CUST1054,Overall neutral experience with minor issues.,3,2024-10-27
955,CUST1055,ATM often out of service.,1,2024-08-19
956,CUST1056,Bad response time from helpline.,2,2025-04-13
957,CUST1057,Loan process took too long with no updates.,1,2025-01-29
958,CUST1058,Loans were processed faster than expected.,5,2025-04-10
959,CUST1059,Loans were processed faster than expected.,5,2025-03-12
960,CUST1060,ATM often out of service.,2,2024-06-22
961,CUST1061,Overall neutral experience with minor issues.,3,2025-01-27
962,CUST1062,Loans were processed faster than expected.,5,2025-03-22
963,CUST1063,ATM network is wide and accessible.,4,2024-11-17
964,CUST1064,Website sometimes works slowly but manageable.,3,2024-07-08
965,CUST1065,No hidden charges and transparent communication.,5,2024-12-28
966,CUST1066,ATM network is wide and accessible.,5,2024-07-01
967,CUST1067,Loans were processed faster than expected.,4,2024-06-13
968,CUST1068,ATM network is wide and accessible.,4,2024-06-17
969,CUST1069,No hidden charges and transparent communication.,4,2024-10-14
970,CUST1070,"App features are just fine, nothing fancy.",3,2025-03-09
971,CUST1071,Branches are available but crowded sometimes.,3,2025-01-02
972,CUST1072,Unhelpful customer service representatives.,1,2024-12-05
973,CUST1073,ATM network is wide and accessible.,4,2024-05-11
974,CUST1074,Mobile app crashes frequently.,1,2025-01-23
975,CUST1075,Nothing special but does the job.,3,2025-03-16
976,CUST1076,Service was neither good nor bad.,3,2024-10-28
977,CUST1077,Nothing special but does the job.,3,2024-12-26
978,CUST1078,Overall neutral experience with minor issues.,3,2025-03-22
979,CUST1079,Friendly customer service and quick responses.,4,2025-03-29
980,CUST1080,Great offers on credit cards and savings accounts.,4,2024-07-15
981,CUST1081,Loan process took too long with no updates.,2,2025-01-19
982,CUST1082,Faced issues with online transactions.,1,2024-06-07
983,CUST1083,Friendly customer service and quick responses.,4,2025-01-21
984,CUST1084,"App features are just fine, nothing fancy.",3,2024-09-13
985,CUST1085,Loan process took too long with no updates.,2,2024-10-30
986,CUST1086,Friendly customer service and quick responses.,5,2024-08-28
987,CUST1087,Website downtime caused major inconvenience.,1,2024-09-13
988,CUST1088,No hidden charges and transparent communication.,4,2024-06-10
989,CUST1089,Highly satisfied with the banking experience.,4,2024-12-04
990,CUST1090,Website downtime caused major inconvenience.,2,2025-03-22
991,CUST1091,ATM often out of service.,1,2024-08-14
992,CUST1092,Bad response time from helpline.,2,2025-03-03
993,CUST1093,Bad response time from helpline.,1,2025-04-22
994,CUST1094,"Neutral experience, nothing extraordinary.",3,2024-11-24
995,CUST1095,Mobile app is very user-friendly and efficient.,4,2024-08-22
996,CUST1096,Secure and reliable banking experience.,4,2025-01-31
997,CUST1097,Loan process took too long with no updates.,1,2024-06-04
998,CUST1098,Banking experience was average.,3,2024-12-24
999,CUST1099,Support was acceptable but not impressive.,3,2024-06-25
1000,CUST1100,Support was acceptable but not impressive.,3,2024-10-28
